[
  {
    "host": "user-images.githubusercontent.com",
    "port": 443
  },
  {
    "host": "collector.github.com",
    "port": 443
  },
  {
    "host": "g.live.com",
    "port": 443
  },
  {
    "host": "github.githubassets.com",
    "port": 443
  },
  {
    "host": "login.live.com",
    "port": 443
  },
  {
    "host": "storage.live.com",
    "port": 443
  },
  {
    "host": "alive.github.com",
    "port": 443
  },
  {
    "host": "gapis.geekzu.org",
    "port": 443
  },
  {
    "host": "ocws.officeapps.live.com",
    "port": 443
  },
  {
    "host": "bnz05pap001.storage.live.com",
    "port": 443
  },
  {
    "host": "avatars.githubusercontent.com",
    "port": 443
  },
  {
    "host": "api.github.com",
    "port": 443
  },
  {
    "host": "login.microsoftonline.com",
    "port": 443
  },
  {
    "host": "github.com",
    "port": 443
  },
  {
    "host": "edgeassetservice.azureedge.net",
    "port": 443
  }
]